City,Country,Date,Humidity,Cloudiness,Lat,Lon,Tem,Max Temp,Wind Speed
Bluff,NZ,1603749843,75,64,-46.6,168.33,11.11,11.11,1.34
Hilo,US,1603749750,74,90,19.73,-155.09,23.55,27.0,2.6
Ribeira Grande,PT,1603749843,88,75,38.52,-28.7,21.0,21.0,8.2
Rikitea,PF,1603749843,85,100,-23.12,-134.97,23.87,23.87,8.65
Jamestown,US,1603749544,93,90,42.1,-79.24,7.08,7.78,4.1
Inhambane,MZ,1603749844,89,0,-23.86,35.38,22.66,22.66,2.62
Kasempa,ZM,1603749668,31,24,-13.46,25.83,21.77,21.77,2.74
Vaini,TO,1603749844,78,75,-21.2,-175.2,25.0,25.0,4.1
Puerto Ayora,EC,1603749844,69,20,-0.74,-90.35,22.52,24.0,9.3
Thompson,CA,1603749844,46,75,55.74,-97.86,-1.0,-1.0,3.6
Sobolevo,RU,1603749844,91,59,54.43,31.9,6.84,6.84,4.61
Longyearbyen,SJ,1603749696,73,75,78.22,15.64,-3.0,-3.0,4.1
Atuona,PF,1603749845,72,90,-9.8,-139.03,26.18,26.18,9.11
Kapaa,US,1603749604,59,51,22.08,-159.32,28.5,29.44,2.02
Cape Town,ZA,1603749638,82,0,-33.93,18.42,17.87,18.89,1.5
Albany,US,1603749845,98,100,42.6,-73.97,9.44,9.44,1.34
Portland,US,1603749665,42,0,45.52,-122.68,11.16,12.78,0.45
Atocha,BO,1603749846,19,6,-20.93,-66.23,17.64,17.64,9.97
Port Blair,IN,1603749846,81,11,11.67,92.75,26.26,26.26,1.96
Busselton,AU,1603749846,83,61,-33.65,115.33,13.27,13.89,4.76
Qiongshan,CN,1603749846,100,40,20.01,110.35,20.0,20.0,1.0
Klaksvík,FO,1603749846,69,21,62.23,-6.59,3.0,3.0,2.1
Pāsighāt,IN,1603749847,71,37,28.07,95.33,21.9,21.9,1.03
Praia da Vitória,PT,1603749847,77,40,38.73,-27.07,20.56,21.0,4.54
Homer,US,1603749847,70,75,59.64,-151.55,5.29,7.0,13.9
Carnarvon,AU,1603749847,82,0,-24.87,113.63,20.0,20.0,8.2
Hamilton,US,1603749830,81,90,39.18,-84.53,9.71,10.56,3.1
Ushuaia,AR,1603749790,50,40,-54.8,-68.3,11.0,11.0,6.2
Port Elizabeth,ZA,1603749848,88,90,-33.92,25.57,18.0,18.0,8.2
Esperance,AU,1603749848,93,0,-33.87,121.9,12.0,12.0,2.6
Yakima,US,1603749684,28,1,46.47,-120.67,6.2,6.67,2.14
Hermanus,ZA,1603749849,83,67,-34.42,19.23,17.78,17.78,2.24
Saskylakh,RU,1603749849,91,93,71.92,114.08,-17.79,-17.79,2.62
Saint-Philippe,RE,1603749849,78,51,-21.36,55.77,20.29,22.0,2.1
Nome,US,1603749849,69,40,64.5,-165.41,2.31,2.78,3.6
Dalby,AU,1603749850,71,78,-27.18,151.27,22.22,22.22,2.68
Agüimes,ES,1603749850,73,40,27.91,-15.45,21.3,21.67,6.2
Saint-Pierre,RE,1603749604,78,11,-21.34,55.48,19.56,22.0,2.1
Nhulunbuy,AU,1603749850,83,100,-12.23,136.77,27.0,27.0,2.6
Kaitangata,NZ,1603749850,71,96,-46.28,169.85,11.67,11.67,1.34
Hobart,AU,1603749621,62,75,-42.88,147.33,11.17,12.22,3.1
Bokaro Steel City,IN,1603749851,60,0,23.78,85.97,19.89,19.89,1.82
Port Alfred,ZA,1603749851,84,93,-33.59,26.89,18.86,18.86,11.84
Harper,LR,1603749851,90,79,4.38,-7.72,25.46,25.46,3.99
New Norfolk,AU,1603749851,60,100,-42.78,147.06,10.35,12.22,0.45
Mataura,NZ,1603749852,75,96,-46.19,168.86,11.11,11.11,1.34
Bredasdorp,ZA,1603749852,88,100,-34.53,20.04,18.0,18.0,5.1
Laguna,US,1603749852,7,1,38.42,-121.42,22.74,23.33,7.7
Okhotsk,RU,1603749852,79,0,59.38,143.3,-2.16,-2.16,7.29
Iqaluit,CA,1603749853,78,75,63.75,-68.51,-10.0,-10.0,2.1
Tezu,IN,1603749853,60,51,27.92,96.17,22.61,22.61,0.79
Vao,NC,1603749853,83,6,-22.67,167.48,23.04,23.04,8.9
Malé,MV,1603749713,83,20,4.17,73.51,28.0,28.0,3.6
Kruisfontein,ZA,1603749853,91,100,-34.0,24.73,17.78,17.78,1.79
San Miguel de Cozumel,MX,1603749594,74,90,20.51,-86.95,28.0,28.0,12.9
Safi,MA,1603749854,78,0,32.3,-9.24,18.43,18.43,8.11
Issoire,FR,1603749854,70,75,45.55,3.25,9.0,9.0,3.6
Kawalu,ID,1603749854,93,100,-7.38,108.21,22.37,22.37,1.02
Bengkulu,ID,1603749855,82,100,-3.8,102.27,23.63,23.63,1.49
Jining,CN,1603749855,57,94,35.41,116.58,14.71,14.71,1.82
Luau,AO,1603749855,92,99,-10.71,22.22,19.15,19.15,1.33
Sitka,US,1603749843,88,100,57.05,-135.33,8.9,8.9,3.35
Hanchuan,CN,1603749856,87,0,30.65,113.77,15.0,15.0,1.0
Arraial do Cabo,BR,1603749856,78,20,-22.97,-42.03,23.57,24.0,2.6
Hithadhoo,MV,1603749856,66,58,-0.6,73.08,28.39,28.39,3.45
Biak,ID,1603749856,78,99,-0.91,122.88,24.98,24.98,1.34
Pangnirtung,CA,1603749856,67,75,66.15,-65.71,-6.0,-6.0,4.1
Polunochnoye,RU,1603749856,95,100,60.87,60.42,-7.84,-7.84,5.29
Talnakh,RU,1603749857,84,40,69.49,88.4,-17.0,-17.0,1.28
Punta Arenas,CL,1603749714,43,20,-53.15,-70.92,10.78,11.0,9.3
Ilulissat,GL,1603749857,73,100,69.22,-51.1,-7.0,-7.0,1.5
Faya,SA,1603749857,19,0,18.39,42.45,16.0,17.0,1.5
Kavieng,PG,1603749857,64,90,-2.57,150.8,29.16,29.16,2.89
Grindavik,IS,1603749858,80,75,63.84,-22.43,4.0,4.0,8.2
Fairbanks,US,1603749643,92,90,64.84,-147.72,-1.37,-0.56,1.99
Quepos,CR,1603749858,73,75,9.42,-84.17,22.44,23.0,3.1
Hirara,JP,1603749858,73,20,24.8,125.28,23.0,23.0,3.6
Boa Vista,BR,1603749858,43,20,2.82,-60.67,33.0,33.0,3.1
Ndjolé,GA,1603749859,94,98,-0.18,10.76,24.11,24.11,1.43
Saint Paul Harbor,US,1603749859,50,1,57.79,-152.41,11.0,11.0,9.3
Narsaq,GL,1603749859,28,95,60.92,-46.05,6.0,6.0,6.7
Qaanaaq,GL,1603749859,74,73,77.48,-69.36,-13.59,-13.59,4.27
Tuktoyaktuk,CA,1603749859,85,40,69.45,-133.04,-12.0,-12.0,4.6
Tiksi,RU,1603749860,94,99,71.69,128.87,-14.24,-14.24,3.23
Cidreira,BR,1603749860,95,100,-30.18,-50.21,20.2,20.2,4.62
Porto-Novo,BJ,1603749766,88,40,6.5,2.6,27.0,27.0,3.6
Uvalde,US,1603749860,63,1,29.37,-99.77,17.0,17.0,7.2
La Rioja,ES,1603749861,87,0,42.25,-2.5,8.28,9.44,2.1
Walvis Bay,NA,1603749861,87,0,-22.96,14.51,13.68,14.0,3.6
Fortuna,US,1603749861,19,20,40.6,-124.16,20.39,21.67,5.7
Hong Kong,HK,1603749671,80,87,22.29,114.16,22.15,23.89,0.45
Castro,BR,1603749861,81,97,-24.79,-50.01,19.1,19.1,2.08
Lompoc,US,1603749593,37,1,34.64,-120.46,20.79,22.0,5.7
Chongwe,ZM,1603749862,39,4,-15.33,28.68,22.54,22.54,3.05
Constitución,CL,1603749862,67,60,-35.33,-72.42,13.28,13.28,6.71
Sibut,CF,1603749862,89,90,5.72,19.07,22.27,22.27,0.66
Zaozyornoye,UA,1603749863,66,100,45.16,33.28,18.94,18.94,2.36
Torbay,CA,1603749863,64,75,47.67,-52.73,1.67,2.22,3.1
Portales,US,1603749863,92,90,34.19,-103.33,-6.96,-6.67,7.2
Taoudenni,ML,1603749863,19,5,22.68,-3.98,30.37,30.37,3.84
George Town,MY,1603749863,94,20,5.41,100.34,23.94,24.0,2.52
Cherskiy,RU,1603749864,93,27,68.75,161.3,-15.91,-15.91,2.62
Forsytheganj,BY,1603749864,79,45,52.63,29.73,8.66,8.66,4.32
Pacific Grove,US,1603749864,21,1,36.62,-121.92,20.56,22.22,3.6
Dikson,RU,1603749864,95,97,73.51,80.55,-11.5,-11.5,7.11
Chokurdakh,RU,1603749864,95,100,70.63,147.92,-14.71,-14.71,4.97
Yellowknife,CA,1603749604,62,75,62.46,-114.35,-4.43,-4.0,2.6
Inírida,CO,1603749865,78,94,3.87,-67.92,27.69,27.69,0.91
Acuitzio,MX,1603749865,16,45,20.34,-101.98,29.02,29.02,1.46
Martapura,ID,1603749865,100,40,-3.42,114.85,23.0,23.0,0.5
Lebu,CL,1603749865,77,100,-37.62,-73.65,12.14,12.14,3.08
Tegul'det,RU,1603749866,98,100,57.31,88.17,1.88,1.88,1.71
Faanui,PF,1603749866,77,60,-16.48,-151.75,26.85,26.85,7.51
East London,ZA,1603749866,88,99,-33.02,27.91,19.15,19.15,9.66
San Quintín,MX,1603749866,40,17,30.48,-115.95,20.84,20.84,4.98
Ancud,CL,1603749866,71,20,-41.87,-73.82,8.11,11.67,5.1
Souillac,MU,1603749867,78,75,-20.52,57.52,22.0,22.0,4.1
Makakilo City,US,1603749867,66,1,21.35,-158.09,27.99,29.0,3.6
Santa Cruz,MA,1603749867,88,0,30.42,-9.6,17.0,17.0,2.6
Nabire,ID,1603749867,84,3,-3.37,135.48,24.96,24.96,1.47
Nuuk,GL,1603749666,68,20,64.18,-51.72,-2.11,-2.0,2.1
Reconquista,AR,1603749611,63,0,-29.15,-59.65,20.38,20.38,3.31
Nantucket,US,1603749868,82,90,41.28,-70.1,14.48,15.0,5.1
Sioux Lookout,CA,1603749868,58,90,50.1,-91.92,-3.0,-3.0,3.6
Laas,IT,1603749868,100,90,46.62,10.7,5.49,8.89,2.6
Oodweyne,SO,1603749869,21,28,9.41,45.06,21.98,21.98,3.1
Bethel,US,1603749869,93,90,41.37,-73.41,11.36,12.0,1.1
Vila Franca do Campo,PT,1603749869,82,40,37.72,-25.43,20.0,20.0,6.7
Prince Rupert,CA,1603749869,93,90,54.32,-130.32,11.0,11.0,6.2
Vilhena,BR,1603749856,52,20,-12.74,-60.15,31.0,31.0,3.1
Deputatsky,RU,1603749870,88,78,69.3,139.9,-18.03,-18.03,0.81
Zhangye,CN,1603749870,61,97,38.93,100.45,3.1,3.1,1.53
Konëvo,RU,1603749870,92,93,62.12,39.32,2.36,2.36,3.99
Bafoussam,CM,1603749870,97,30,5.47,10.42,15.88,15.88,1.38
Avera,US,1603749871,94,90,33.19,-82.53,20.33,21.0,4.1
Ostrovnoy,RU,1603749871,94,100,68.05,39.51,4.89,4.89,13.02
Feijó,BR,1603749871,52,100,-8.16,-70.35,32.3,32.3,1.97
Requena,ES,1603749871,69,2,39.49,-1.1,7.22,7.22,0.45
Tokoroa,NZ,1603749871,81,93,-38.23,175.87,18.33,18.33,2.68
Pionerskiy,RU,1603749872,93,40,54.95,20.23,10.76,11.0,3.0
Halifax,CA,1603749653,76,90,44.65,-63.57,9.72,10.0,5.1
Zhigansk,RU,1603749872,92,100,66.77,123.37,-18.34,-18.34,5.27
Tasiilaq,GL,1603749873,50,100,65.61,-37.64,1.0,1.0,9.8
Lamar,US,1603749873,93,90,33.67,-95.58,10.49,11.11,4.1
Aklavik,CA,1603749873,85,75,68.22,-135.01,-11.0,-11.0,2.6
Erzin,TR,1603749873,34,100,36.96,36.2,23.33,23.33,2.68
São Filipe,CV,1603749874,76,100,14.9,-24.5,27.2,27.2,4.35
Lorengau,PG,1603749874,80,100,-2.02,147.27,27.2,27.2,2.55
Hurghada,EG,1603749874,65,0,27.26,33.81,25.0,25.0,2.1
Alice Springs,AU,1603749713,31,0,-23.7,133.88,16.0,16.0,3.1
Goya,AR,1603749653,60,0,-29.14,-59.26,20.67,20.67,3.0
Humaitá,BR,1603749713,54,57,-7.51,-63.02,30.85,30.85,0.96
Kincardine,GB,1603749875,87,0,56.07,-3.72,8.51,9.0,4.6
Henties Bay,NA,1603749875,93,0,-22.12,14.28,13.33,13.33,3.91
Koygorodok,RU,1603749876,98,22,60.45,51.0,-5.68,-5.68,1.27
Huilong,CN,1603749876,88,76,31.81,121.66,17.55,18.33,0.45
Bogorodskoye,RU,1603749876,87,98,56.55,37.88,5.38,5.38,3.3
Anito,PH,1603749876,87,100,12.45,125.29,25.46,25.46,2.26
Bambous Virieux,MU,1603749876,78,75,-20.34,57.76,22.11,22.22,4.1
Bekwai,GH,1603749877,91,100,6.45,-1.58,23.36,23.36,1.17
Sinnamary,GF,1603749877,84,1,5.38,-52.95,26.95,26.95,4.4
Manokwari,ID,1603749770,71,0,-0.87,134.08,27.2,27.2,2.1
Port Hawkesbury,CA,1603749877,68,90,45.62,-61.35,5.75,6.11,4.6
Osorno,CL,1603749877,81,90,-40.57,-73.15,11.0,11.0,6.7
Balagansk,RU,1603749877,89,93,54.01,103.05,-2.75,-2.75,2.73
Barrow,US,1603749673,85,75,71.29,-156.79,-7.0,-7.0,2.6
Touros,BR,1603749878,78,40,-5.2,-35.46,27.0,27.0,5.1
Upernavik,GL,1603749878,81,99,72.79,-56.15,-7.94,-7.94,2.43
Kiryat Gat,IL,1603749844,100,0,31.61,34.76,20.98,22.78,1.34
Ambovombe,MG,1603749878,86,0,-25.17,46.08,20.7,20.7,1.18
Marathon,US,1603749879,50,81,44.9,-89.77,-0.83,-0.56,3.6
Djibo,BF,1603749879,13,29,14.1,-1.63,29.09,29.09,3.11
Nanortalik,GL,1603749879,91,92,60.14,-45.24,0.93,0.93,4.87
Batagay,RU,1603749879,88,100,67.63,134.63,-13.91,-13.91,0.56
Margate,GB,1603749880,66,53,51.38,1.39,9.6,10.56,2.68
Dingle,PH,1603749880,91,100,11.0,122.67,24.22,24.22,2.43
Baoqing,CN,1603749880,76,100,46.33,132.21,3.69,3.69,2.34
Najrān,SA,1603749880,27,0,17.49,44.13,17.0,17.0,1.03
Kununurra,AU,1603749880,100,75,-15.77,128.73,23.0,23.0,3.1
‘Āhuimanu,US,1603749881,70,40,21.44,-157.84,28.54,29.0,3.6
Khatanga,RU,1603749881,94,84,71.97,102.5,-16.52,-16.52,4.23
Kenitra,MA,1603749881,87,75,34.26,-6.58,14.0,14.0,2.94
Butaritari,KI,1603749881,66,96,3.07,172.79,27.59,27.59,4.04
Emilio Carranza,MX,1603749881,67,22,19.97,-96.61,27.96,27.96,3.48
Pingliang,CN,1603749881,49,100,35.54,106.69,8.78,8.78,1.81
Pevek,RU,1603749882,92,98,69.7,170.31,-4.62,-4.62,6.83
Alta Floresta,BR,1603749882,86,97,-9.88,-56.09,24.27,24.27,0.84
Şile,TR,1603749882,78,0,41.18,29.61,16.11,16.11,0.89
Quatre Cocos,MU,1603749882,78,75,-20.21,57.76,22.12,22.22,4.1
Camacha,PT,1603749883,68,40,33.08,-16.33,19.0,19.0,3.6
Hato,CO,1603749883,88,40,6.54,-73.31,23.0,23.0,3.6
Geraldton,AU,1603749883,87,75,-28.77,114.6,14.0,14.0,2.1
Antigonish,CA,1603749883,73,98,45.62,-62.0,6.67,6.67,0.89
Bilma,NE,1603749883,24,0,18.69,12.92,20.68,20.68,0.43
Murgab,TM,1603749884,46,100,37.5,61.97,12.0,12.0,1.2
Pisco,PE,1603749884,60,0,-13.7,-76.22,20.87,22.0,7.7
Bonavista,CA,1603749858,62,97,48.65,-53.11,2.22,2.22,2.24
Itarema,BR,1603749884,82,0,-2.92,-39.92,26.0,26.0,6.08
Norsup,VU,1603749884,88,75,-16.07,167.38,25.0,25.0,3.1
Lagos,NG,1603749420,92,100,6.58,3.75,25.34,25.34,1.78
Olafsvik,IS,1603749885,73,100,64.89,-23.71,4.98,4.98,6.45
Norman Wells,CA,1603749885,92,90,65.28,-126.83,-4.0,-4.0,7.7
Poum,NC,1603749885,74,0,-20.23,164.02,24.89,24.89,5.23
Wajir,KE,1603749886,59,90,1.75,40.06,27.57,27.57,8.15
Havøysund,NO,1603749886,64,0,71.0,24.66,4.0,4.0,7.7
Srednekolymsk,RU,1603749886,90,0,67.45,153.68,-14.38,-14.38,2.71
Airai,TL,1603749886,94,71,-8.93,125.41,17.01,17.01,0.94
Marzuq,YE,1603749886,30,4,14.4,46.47,16.98,16.98,0.83
Alofi,NU,1603749887,78,75,-19.06,-169.92,25.0,25.0,6.7
Moose Factory,CA,1603749887,54,90,51.26,-80.61,-1.0,-1.0,4.1
Chui,UY,1603749887,90,100,-33.7,-53.46,14.43,14.43,5.6
Contamana,PE,1603749887,43,100,-7.33,-75.02,34.49,34.49,2.24
Shiojiri,JP,1603749887,88,75,36.1,137.97,5.64,6.67,0.41
Udachny,RU,1603749888,91,90,66.42,112.4,-21.0,-21.0,1.0
Half Moon Bay,US,1603749888,7,1,37.46,-122.43,21.82,23.0,4.6
Lucapa,AO,1603749888,96,100,-8.42,20.74,20.09,20.09,1.88
Salalah,OM,1603749888,61,0,17.02,54.09,25.0,25.0,2.6
Mach,PK,1603749888,24,0,29.86,67.33,15.63,15.63,2.82
Komatipoort,ZA,1603749889,83,97,-25.43,31.95,22.78,22.78,4.93
Mahébourg,MU,1603749889,78,75,-20.41,57.7,22.0,22.0,4.1
Talara,PE,1603749889,82,68,-4.58,-81.27,19.5,19.5,5.39
Rock Sound,BS,1603749889,78,84,24.9,-76.2,27.98,27.98,3.35
Ponta do Sol,PT,1603749889,72,40,32.67,-17.1,17.12,19.0,6.2
Yar-Sale,RU,1603749889,95,63,66.83,70.83,-13.7,-13.7,3.01
Waingapu,ID,1603749890,75,61,-9.66,120.26,26.16,26.16,2.15
Saldanha,ZA,1603749890,87,12,-33.01,17.94,15.0,15.0,2.1
Mazagão,BR,1603749697,66,75,-0.12,-51.29,31.0,31.0,5.1
Roebourne,AU,1603749890,67,22,-20.78,117.13,20.06,20.06,1.85
Viedma,AR,1603749625,17,12,-40.81,-63.0,23.89,23.89,1.34
Saint-Joseph,RE,1603749891,78,29,-21.37,55.62,22.0,22.0,2.1
Saint George,US,1603749891,11,1,37.1,-113.58,9.81,10.56,13.4
Adrar,MR,1603749891,13,7,20.5,-10.07,30.85,30.85,2.29
Makkah al Mukarramah,SA,1603749891,57,0,21.43,39.83,24.59,24.59,0.55
Lukang,TW,1603749891,88,40,24.06,120.44,21.87,22.22,1.5
‘Ewa Beach,US,1603749892,66,1,21.32,-158.01,27.96,29.0,3.6
Melfi,IT,1603749892,77,5,41.0,15.65,15.0,15.0,2.1
Severo-Kuril'sk,RU,1603749892,85,95,50.68,156.12,6.27,6.27,1.33
Kabalo,CD,1603749892,91,30,-6.05,26.92,21.26,21.26,0.82
Antofagasta,CL,1603749609,72,75,-23.65,-70.4,16.0,16.0,7.2
Pincher Creek,CA,1603749604,54,1,49.48,-113.95,-0.35,0.56,13.4
Venosa,IT,1603749893,77,5,40.96,15.81,15.0,15.0,2.1
Barra de Tecoanapa,MX,1603749893,75,100,16.52,-98.75,29.69,29.69,3.92
Kirovsk,UA,1603749893,60,100,48.64,38.64,9.62,9.62,4.57
Guia Lopes da Laguna,BR,1603749893,93,81,-21.46,-56.11,23.05,23.05,0.5
Avarua,CK,1603749687,69,100,-21.21,-159.78,24.0,24.0,6.7
Tlaquepaque,MX,1603749894,20,40,20.65,-103.32,29.26,31.11,4.1
Ahipara,NZ,1603749894,72,22,-35.17,173.17,20.34,20.34,2.3
Urengoy,RU,1603749894,92,0,65.97,78.37,-16.78,-16.78,4.03
Muriti,TZ,1603749894,82,75,-1.98,32.92,20.0,20.0,2.6
Pozo Colorado,PY,1603749895,65,38,-23.49,-58.8,24.81,24.81,1.97
São Gabriel da Cachoeira,BR,1603749895,77,85,-0.13,-67.09,28.29,28.29,0.41
Barra Patuca,HN,1603749895,71,100,15.8,-84.28,26.94,26.94,2.97
Los Llanos de Aridane,ES,1603749895,64,0,28.66,-17.92,18.36,21.0,5.1
Ola,RU,1603749896,85,91,59.58,151.28,0.47,0.47,5.85
Lagoa,PT,1603749896,91,100,39.05,-27.98,20.07,20.07,10.62
Mossamedes,AO,1603749896,78,75,-15.2,12.15,20.85,20.85,0.72
Sīrjān,IR,1603749896,39,0,29.45,55.68,10.44,10.44,2.85
Westport,US,1603749651,100,90,41.14,-73.36,12.83,13.33,6.7
Sayaxché,GT,1603749896,64,100,16.52,-90.17,28.85,28.85,1.58
Nieves,PH,1603749897,94,75,15.33,120.95,24.0,24.0,2.1
Morondava,MG,1603749897,72,55,-20.28,44.28,24.76,24.76,3.63
Comodoro Rivadavia,AR,1603749897,34,40,-45.87,-67.5,20.0,20.0,7.2
Pervomayskiy,RU,1603749897,86,100,53.25,40.29,7.15,7.15,3.53
Riyadh,SA,1603749897,37,0,24.69,46.72,19.0,19.0,1.63
Linfen,CN,1603749898,31,100,36.09,111.52,16.35,16.35,1.49
Itaberá,BR,1603749898,60,100,-23.86,-49.14,23.04,23.04,0.65
Tual,ID,1603749898,74,100,-5.67,132.75,27.82,27.82,3.43
Khovd,MN,1603749898,80,0,48.01,91.64,-2.36,-2.36,0.43
Mount Gambier,AU,1603749898,87,95,-37.83,140.77,9.0,9.0,4.1
Tsabong,BW,1603749899,37,94,-26.02,22.4,26.07,26.07,4.85
Eyl,SO,1603749899,77,93,7.98,49.82,25.67,25.67,3.2
Kiama,AU,1603749899,94,99,-34.68,150.87,13.02,13.33,0.89
Almaznyy,RU,1603749899,61,0,48.04,40.05,10.0,10.0,9.0
Hasaki,JP,1603749769,93,75,35.73,140.83,10.27,11.0,3.6
Marawi,PH,1603749900,89,100,8.0,124.29,23.33,23.33,2.24
Nevel'sk,RU,1603749900,92,87,46.67,141.86,-1.0,-1.0,1.0
Plettenberg Bay,ZA,1603749900,84,14,-34.05,23.37,17.38,17.38,2.55
Zhezkazgan,KZ,1603749900,70,7,47.8,67.71,3.61,3.61,5.36
Camargo,MX,1603749901,15,0,27.67,-105.17,30.78,30.78,8.83
Balkanabat,TM,1603749901,33,100,39.51,54.37,15.75,15.75,0.76
Northam,GB,1603749901,86,22,51.03,-4.22,10.0,10.0,3.58
Saint-Augustin,CA,1603749901,74,96,51.23,-58.65,1.25,1.25,4.21
Ocala,US,1603749745,70,75,29.19,-82.14,28.72,29.44,5.1
Ambunti,PG,1603749902,92,27,-4.24,142.84,24.27,24.27,0.32
Cairns,AU,1603749646,61,96,-16.92,145.77,25.77,26.0,1.5
Palmer,US,1603749902,93,90,42.16,-72.33,9.87,10.56,2.6
Bras-Panon,RE,1603749903,83,73,-21.0,55.68,20.14,22.0,1.5
Predivinsk,RU,1603749903,94,100,57.07,93.44,2.32,2.32,1.81
Igarka,RU,1603749903,89,0,67.47,86.58,-19.57,-19.57,2.84
Mikhaylovsk,RU,1603749904,81,0,45.13,42.03,8.95,9.0,5.0
Flin Flon,CA,1603749904,53,5,54.77,-101.86,-3.0,-3.0,4.6
Bontang,ID,1603749904,88,85,0.13,117.5,24.38,24.38,3.55
Kattivākkam,IN,1603749904,94,40,13.22,80.32,26.0,26.0,3.24
Kiunga,PG,1603749904,93,99,-6.12,141.29,24.7,24.7,0.34
Uglegorsk,RU,1603749905,79,39,49.08,142.03,5.72,5.72,3.8
Rosarito,MX,1603749905,10,5,32.33,-117.03,22.0,22.0,5.7
San-Pédro,CI,1603749905,90,83,4.75,-6.64,25.09,25.09,3.02
Mitsamiouli,KM,1603749906,76,6,-11.38,43.28,25.47,25.47,3.69
Kutum,SD,1603749906,22,36,14.2,24.67,22.13,22.13,4.48
Leamington,CA,1603749906,70,90,42.05,-82.61,8.01,8.33,2.6
Sorong,ID,1603749907,82,100,-0.88,131.25,25.23,25.23,3.01
Nemuro,JP,1603749907,77,35,43.32,145.57,9.79,9.79,3.9
Nzérékoré,GN,1603749907,74,100,7.76,-8.82,22.71,22.71,0.98
Beringovskiy,RU,1603749907,89,0,63.05,179.32,0.2,0.2,1.2
Dilla,ET,1603749907,78,32,6.41,38.31,15.91,15.91,1.97
Mar del Plata,AR,1603749908,58,0,-38.0,-57.56,14.02,15.0,4.1
Copiapó,CL,1603749722,67,75,-27.37,-70.33,16.0,16.0,5.1
Hualmay,PE,1603749908,74,98,-11.1,-77.61,19.64,19.64,3.99
Luena,AO,1603749908,84,100,-11.78,19.92,19.02,19.02,2.25
Key West,US,1603749751,88,90,24.56,-81.78,27.52,28.0,5.7
Tuatapere,NZ,1603749908,75,91,-46.13,167.68,11.11,11.11,1.34
Wamba,NG,1603749909,60,25,8.93,8.6,23.75,23.75,1.12
Troy,US,1603749837,65,75,42.61,-83.15,7.12,8.0,3.1
Belmonte,BR,1603749909,83,75,-15.86,-38.88,26.0,26.0,4.1
Aswān,EG,1603749909,31,0,24.09,32.91,25.85,25.85,5.82
Zyryanka,RU,1603749910,92,0,65.75,150.85,-15.82,-15.82,0.5
Kavaratti,IN,1603749910,72,81,10.57,72.64,27.83,27.83,2.99
Dogondoutchi,NE,1603749910,15,13,13.64,4.03,29.96,29.96,2.08
Lavrentiya,RU,1603749910,91,10,65.58,-171.0,-0.33,-0.33,2.55
Zigong,CN,1603749910,71,100,29.34,104.78,16.91,16.91,1.77
Tura,IN,1603749911,91,0,25.52,90.22,20.49,20.49,1.32
Tarauacá,BR,1603749911,53,100,-8.16,-70.77,31.78,31.78,1.89
Cayenne,GF,1603749911,78,40,4.93,-52.33,28.0,28.0,1.5
Kakonko,TZ,1603749911,88,100,-3.28,30.96,18.83,18.83,1.11
Changji,CN,1603749615,59,0,44.02,87.32,3.0,3.0,4.0
Tikhvin,RU,1603749912,90,100,59.65,33.53,7.96,7.96,3.82
Bathsheba,BB,1603749912,88,75,13.22,-59.52,26.0,26.0,9.8
Berlevåg,NO,1603749912,86,0,70.86,29.09,1.0,1.0,5.1
Beloha,MG,1603749912,91,0,-25.17,45.05,18.74,18.74,1.62
Guerrero Negro,MX,1603749912,37,2,27.98,-114.06,23.85,23.85,8.01
Wanning,CN,1603749913,86,92,18.8,110.4,22.2,22.2,4.67
Mahibadhoo,MV,1603749722,74,32,3.78,72.97,27.89,27.89,3.1
Goderich,CA,1603749849,84,100,43.75,-81.72,7.07,7.78,5.57
Coquimbo,CL,1603749709,77,0,-29.95,-71.34,15.0,15.0,6.2
College,US,1603749913,86,90,64.86,-147.8,-1.65,-1.0,4.1
Mandiana,GN,1603749913,49,12,10.63,-8.68,24.58,24.58,1.15
Tigil',RU,1603749914,78,96,57.8,158.67,3.17,3.17,1.43
Jalu,LY,1603749914,54,2,29.03,21.55,20.4,20.4,2.1
Davidson,US,1603749914,77,90,36.15,-86.78,14.23,15.0,2.6
Pelym,RU,1603749914,95,98,61.01,62.0,-3.71,-3.71,5.79
Nicoya,CR,1603749915,100,75,10.15,-85.45,24.0,24.0,1.0
Balakovo,RU,1603749915,84,0,52.03,47.8,1.81,1.81,2.45
Pangody,RU,1603749915,94,2,65.85,74.49,-15.7,-15.7,4.19
Anadyr,RU,1603749666,92,75,64.75,177.48,-8.0,-8.0,2.0
Verkhoyansk,RU,1603749916,90,100,67.54,133.38,-13.84,-13.84,0.85
Thinadhoo,MV,1603749916,69,39,0.53,72.93,28.04,28.04,3.4
Charlottesville,US,1603749752,72,1,38.03,-78.48,16.55,19.0,2.1
Turukhansk,RU,1603749916,89,0,65.82,87.98,-18.37,-18.37,2.99
Salinópolis,BR,1603749917,77,48,-0.61,-47.36,27.48,27.48,5.19
Provideniya,RU,1603749917,92,90,64.38,-173.3,0.0,0.0,0.95
San Patricio,US,1603749917,62,40,28.02,-97.52,29.06,30.0,9.3
Erenhot,CN,1603749917,77,0,43.65,111.98,-1.02,-1.02,3.37
Rundu,NA,1603749917,20,0,-17.93,19.77,23.55,23.55,3.1
Mount Isa,AU,1603749918,19,40,-20.73,139.5,22.0,22.0,4.6
Jiangyou,CN,1603749918,59,100,31.77,104.72,16.46,16.46,0.64
Chapais,CA,1603749918,92,90,49.78,-74.85,-1.0,-1.0,3.1
Bluff,NZ,1603749843,75,64,-46.6,168.33,11.11,11.11,1.34
Hilo,US,1603749750,74,90,19.73,-155.09,23.55,27.0,2.6
Ribeira Grande,PT,1603749843,88,75,38.52,-28.7,21.0,21.0,8.2
Rikitea,PF,1603749843,85,100,-23.12,-134.97,23.87,23.87,8.65
Jamestown,US,1603749544,93,90,42.1,-79.24,7.08,7.78,4.1
Inhambane,MZ,1603749844,89,0,-23.86,35.38,22.66,22.66,2.62
Kasempa,ZM,1603749668,31,24,-13.46,25.83,21.77,21.77,2.74
Vaini,TO,1603749844,78,75,-21.2,-175.2,25.0,25.0,4.1
Puerto Ayora,EC,1603749844,69,20,-0.74,-90.35,22.52,24.0,9.3
Thompson,CA,1603749844,46,75,55.74,-97.86,-1.0,-1.0,3.6
Sobolevo,RU,1603749844,91,59,54.43,31.9,6.84,6.84,4.61
Longyearbyen,SJ,1603749696,73,75,78.22,15.64,-3.0,-3.0,4.1
Atuona,PF,1603749845,72,90,-9.8,-139.03,26.18,26.18,9.11
Kapaa,US,1603749604,59,51,22.08,-159.32,28.5,29.44,2.02
Cape Town,ZA,1603749638,82,0,-33.93,18.42,17.87,18.89,1.5
Albany,US,1603749845,98,100,42.6,-73.97,9.44,9.44,1.34
Portland,US,1603749665,42,0,45.52,-122.68,11.16,12.78,0.45
Atocha,BO,1603749846,19,6,-20.93,-66.23,17.64,17.64,9.97
Port Blair,IN,1603749846,81,11,11.67,92.75,26.26,26.26,1.96
Busselton,AU,1603749846,83,61,-33.65,115.33,13.27,13.89,4.76
Qiongshan,CN,1603749846,100,40,20.01,110.35,20.0,20.0,1.0
Klaksvík,FO,1603749846,69,21,62.23,-6.59,3.0,3.0,2.1
Pāsighāt,IN,1603749847,71,37,28.07,95.33,21.9,21.9,1.03
Praia da Vitória,PT,1603749847,77,40,38.73,-27.07,20.56,21.0,4.54
Homer,US,1603749847,70,75,59.64,-151.55,5.29,7.0,13.9
Carnarvon,AU,1603749847,82,0,-24.87,113.63,20.0,20.0,8.2
Hamilton,US,1603749830,81,90,39.18,-84.53,9.71,10.56,3.1
Ushuaia,AR,1603749790,50,40,-54.8,-68.3,11.0,11.0,6.2
Port Elizabeth,ZA,1603749848,88,90,-33.92,25.57,18.0,18.0,8.2
Esperance,AU,1603749848,93,0,-33.87,121.9,12.0,12.0,2.6
Yakima,US,1603749684,28,1,46.47,-120.67,6.2,6.67,2.14
Hermanus,ZA,1603749849,83,67,-34.42,19.23,17.78,17.78,2.24
Saskylakh,RU,1603749849,91,93,71.92,114.08,-17.79,-17.79,2.62
Saint-Philippe,RE,1603749849,78,51,-21.36,55.77,20.29,22.0,2.1
Nome,US,1603749849,69,40,64.5,-165.41,2.31,2.78,3.6
Dalby,AU,1603749850,71,78,-27.18,151.27,22.22,22.22,2.68
Agüimes,ES,1603749850,73,40,27.91,-15.45,21.3,21.67,6.2
Saint-Pierre,RE,1603749604,78,11,-21.34,55.48,19.56,22.0,2.1
Nhulunbuy,AU,1603749850,83,100,-12.23,136.77,27.0,27.0,2.6
Kaitangata,NZ,1603749850,71,96,-46.28,169.85,11.67,11.67,1.34
Hobart,AU,1603749621,62,75,-42.88,147.33,11.17,12.22,3.1
Bokaro Steel City,IN,1603749851,60,0,23.78,85.97,19.89,19.89,1.82
Port Alfred,ZA,1603749851,84,93,-33.59,26.89,18.86,18.86,11.84
Harper,LR,1603749851,90,79,4.38,-7.72,25.46,25.46,3.99
New Norfolk,AU,1603749851,60,100,-42.78,147.06,10.35,12.22,0.45
Mataura,NZ,1603749852,75,96,-46.19,168.86,11.11,11.11,1.34
Bredasdorp,ZA,1603749852,88,100,-34.53,20.04,18.0,18.0,5.1
Laguna,US,1603749852,7,1,38.42,-121.42,22.74,23.33,7.7
Okhotsk,RU,1603749852,79,0,59.38,143.3,-2.16,-2.16,7.29
Iqaluit,CA,1603749853,78,75,63.75,-68.51,-10.0,-10.0,2.1
Tezu,IN,1603749853,60,51,27.92,96.17,22.61,22.61,0.79
Vao,NC,1603749853,83,6,-22.67,167.48,23.04,23.04,8.9
Malé,MV,1603749713,83,20,4.17,73.51,28.0,28.0,3.6
Kruisfontein,ZA,1603749853,91,100,-34.0,24.73,17.78,17.78,1.79
San Miguel de Cozumel,MX,1603749594,74,90,20.51,-86.95,28.0,28.0,12.9
Safi,MA,1603749854,78,0,32.3,-9.24,18.43,18.43,8.11
Issoire,FR,1603749854,70,75,45.55,3.25,9.0,9.0,3.6
Kawalu,ID,1603749854,93,100,-7.38,108.21,22.37,22.37,1.02
Bengkulu,ID,1603749855,82,100,-3.8,102.27,23.63,23.63,1.49
Jining,CN,1603749855,57,94,35.41,116.58,14.71,14.71,1.82
Luau,AO,1603749855,92,99,-10.71,22.22,19.15,19.15,1.33
Sitka,US,1603749843,88,100,57.05,-135.33,8.9,8.9,3.35
Hanchuan,CN,1603749856,87,0,30.65,113.77,15.0,15.0,1.0
Arraial do Cabo,BR,1603749856,78,20,-22.97,-42.03,23.57,24.0,2.6
Hithadhoo,MV,1603749856,66,58,-0.6,73.08,28.39,28.39,3.45
Biak,ID,1603749856,78,99,-0.91,122.88,24.98,24.98,1.34
Pangnirtung,CA,1603749856,67,75,66.15,-65.71,-6.0,-6.0,4.1
Polunochnoye,RU,1603749856,95,100,60.87,60.42,-7.84,-7.84,5.29
Talnakh,RU,1603749857,84,40,69.49,88.4,-17.0,-17.0,1.28
Punta Arenas,CL,1603749714,43,20,-53.15,-70.92,10.78,11.0,9.3
Ilulissat,GL,1603749857,73,100,69.22,-51.1,-7.0,-7.0,1.5
Faya,SA,1603749857,19,0,18.39,42.45,16.0,17.0,1.5
Kavieng,PG,1603749857,64,90,-2.57,150.8,29.16,29.16,2.89
Grindavik,IS,1603749858,80,75,63.84,-22.43,4.0,4.0,8.2
Fairbanks,US,1603749643,92,90,64.84,-147.72,-1.37,-0.56,1.99
Quepos,CR,1603749858,73,75,9.42,-84.17,22.44,23.0,3.1
Hirara,JP,1603749858,73,20,24.8,125.28,23.0,23.0,3.6
Boa Vista,BR,1603749858,43,20,2.82,-60.67,33.0,33.0,3.1
Ndjolé,GA,1603749859,94,98,-0.18,10.76,24.11,24.11,1.43
Saint Paul Harbor,US,1603749859,50,1,57.79,-152.41,11.0,11.0,9.3
Narsaq,GL,1603749859,28,95,60.92,-46.05,6.0,6.0,6.7
Qaanaaq,GL,1603749859,74,73,77.48,-69.36,-13.59,-13.59,4.27
Tuktoyaktuk,CA,1603749859,85,40,69.45,-133.04,-12.0,-12.0,4.6
Tiksi,RU,1603749860,94,99,71.69,128.87,-14.24,-14.24,3.23
Cidreira,BR,1603749860,95,100,-30.18,-50.21,20.2,20.2,4.62
Porto-Novo,BJ,1603749766,88,40,6.5,2.6,27.0,27.0,3.6
Uvalde,US,1603749860,63,1,29.37,-99.77,17.0,17.0,7.2
La Rioja,ES,1603749861,87,0,42.25,-2.5,8.28,9.44,2.1
Walvis Bay,NA,1603749861,87,0,-22.96,14.51,13.68,14.0,3.6
Fortuna,US,1603749861,19,20,40.6,-124.16,20.39,21.67,5.7
Hong Kong,HK,1603749671,80,87,22.29,114.16,22.15,23.89,0.45
Castro,BR,1603749861,81,97,-24.79,-50.01,19.1,19.1,2.08
Lompoc,US,1603749593,37,1,34.64,-120.46,20.79,22.0,5.7
Chongwe,ZM,1603749862,39,4,-15.33,28.68,22.54,22.54,3.05
Constitución,CL,1603749862,67,60,-35.33,-72.42,13.28,13.28,6.71
Sibut,CF,1603749862,89,90,5.72,19.07,22.27,22.27,0.66
Zaozyornoye,UA,1603749863,66,100,45.16,33.28,18.94,18.94,2.36
Torbay,CA,1603749863,64,75,47.67,-52.73,1.67,2.22,3.1
Portales,US,1603749863,92,90,34.19,-103.33,-6.96,-6.67,7.2
Taoudenni,ML,1603749863,19,5,22.68,-3.98,30.37,30.37,3.84
George Town,MY,1603749863,94,20,5.41,100.34,23.94,24.0,2.52
Cherskiy,RU,1603749864,93,27,68.75,161.3,-15.91,-15.91,2.62
Forsytheganj,BY,1603749864,79,45,52.63,29.73,8.66,8.66,4.32
Pacific Grove,US,1603749864,21,1,36.62,-121.92,20.56,22.22,3.6
Dikson,RU,1603749864,95,97,73.51,80.55,-11.5,-11.5,7.11
Chokurdakh,RU,1603749864,95,100,70.63,147.92,-14.71,-14.71,4.97
Yellowknife,CA,1603749604,62,75,62.46,-114.35,-4.43,-4.0,2.6
Inírida,CO,1603749865,78,94,3.87,-67.92,27.69,27.69,0.91
Acuitzio,MX,1603749865,16,45,20.34,-101.98,29.02,29.02,1.46
Martapura,ID,1603749865,100,40,-3.42,114.85,23.0,23.0,0.5
Lebu,CL,1603749865,77,100,-37.62,-73.65,12.14,12.14,3.08
Tegul'det,RU,1603749866,98,100,57.31,88.17,1.88,1.88,1.71
Faanui,PF,1603749866,77,60,-16.48,-151.75,26.85,26.85,7.51
East London,ZA,1603749866,88,99,-33.02,27.91,19.15,19.15,9.66
San Quintín,MX,1603749866,40,17,30.48,-115.95,20.84,20.84,4.98
Ancud,CL,1603749866,71,20,-41.87,-73.82,8.11,11.67,5.1
Souillac,MU,1603749867,78,75,-20.52,57.52,22.0,22.0,4.1
Makakilo City,US,1603749867,66,1,21.35,-158.09,27.99,29.0,3.6
Santa Cruz,MA,1603749867,88,0,30.42,-9.6,17.0,17.0,2.6
Nabire,ID,1603749867,84,3,-3.37,135.48,24.96,24.96,1.47
Nuuk,GL,1603749666,68,20,64.18,-51.72,-2.11,-2.0,2.1
Reconquista,AR,1603749611,63,0,-29.15,-59.65,20.38,20.38,3.31
Nantucket,US,1603749868,82,90,41.28,-70.1,14.48,15.0,5.1
Sioux Lookout,CA,1603749868,58,90,50.1,-91.92,-3.0,-3.0,3.6
Laas,IT,1603749868,100,90,46.62,10.7,5.49,8.89,2.6
Oodweyne,SO,1603749869,21,28,9.41,45.06,21.98,21.98,3.1
Bethel,US,1603749869,93,90,41.37,-73.41,11.36,12.0,1.1
Vila Franca do Campo,PT,1603749869,82,40,37.72,-25.43,20.0,20.0,6.7
Prince Rupert,CA,1603749869,93,90,54.32,-130.32,11.0,11.0,6.2
Vilhena,BR,1603749856,52,20,-12.74,-60.15,31.0,31.0,3.1
Deputatsky,RU,1603749870,88,78,69.3,139.9,-18.03,-18.03,0.81
Zhangye,CN,1603749870,61,97,38.93,100.45,3.1,3.1,1.53
Konëvo,RU,1603749870,92,93,62.12,39.32,2.36,2.36,3.99
Bafoussam,CM,1603749870,97,30,5.47,10.42,15.88,15.88,1.38
Avera,US,1603749871,94,90,33.19,-82.53,20.33,21.0,4.1
Ostrovnoy,RU,1603749871,94,100,68.05,39.51,4.89,4.89,13.02
Feijó,BR,1603749871,52,100,-8.16,-70.35,32.3,32.3,1.97
Requena,ES,1603749871,69,2,39.49,-1.1,7.22,7.22,0.45
Tokoroa,NZ,1603749871,81,93,-38.23,175.87,18.33,18.33,2.68
Pionerskiy,RU,1603749872,93,40,54.95,20.23,10.76,11.0,3.0
Halifax,CA,1603749653,76,90,44.65,-63.57,9.72,10.0,5.1
Zhigansk,RU,1603749872,92,100,66.77,123.37,-18.34,-18.34,5.27
Tasiilaq,GL,1603749873,50,100,65.61,-37.64,1.0,1.0,9.8
Lamar,US,1603749873,93,90,33.67,-95.58,10.49,11.11,4.1
Aklavik,CA,1603749873,85,75,68.22,-135.01,-11.0,-11.0,2.6
Erzin,TR,1603749873,34,100,36.96,36.2,23.33,23.33,2.68
São Filipe,CV,1603749874,76,100,14.9,-24.5,27.2,27.2,4.35
Lorengau,PG,1603749874,80,100,-2.02,147.27,27.2,27.2,2.55
Hurghada,EG,1603749874,65,0,27.26,33.81,25.0,25.0,2.1
Alice Springs,AU,1603749713,31,0,-23.7,133.88,16.0,16.0,3.1
Goya,AR,1603749653,60,0,-29.14,-59.26,20.67,20.67,3.0
Humaitá,BR,1603749713,54,57,-7.51,-63.02,30.85,30.85,0.96
Kincardine,GB,1603749875,87,0,56.07,-3.72,8.51,9.0,4.6
Henties Bay,NA,1603749875,93,0,-22.12,14.28,13.33,13.33,3.91
Koygorodok,RU,1603749876,98,22,60.45,51.0,-5.68,-5.68,1.27
Huilong,CN,1603749876,88,76,31.81,121.66,17.55,18.33,0.45
Bogorodskoye,RU,1603749876,87,98,56.55,37.88,5.38,5.38,3.3
Anito,PH,1603749876,87,100,12.45,125.29,25.46,25.46,2.26
Bambous Virieux,MU,1603749876,78,75,-20.34,57.76,22.11,22.22,4.1
Bekwai,GH,1603749877,91,100,6.45,-1.58,23.36,23.36,1.17
Sinnamary,GF,1603749877,84,1,5.38,-52.95,26.95,26.95,4.4
Manokwari,ID,1603749770,71,0,-0.87,134.08,27.2,27.2,2.1
Port Hawkesbury,CA,1603749877,68,90,45.62,-61.35,5.75,6.11,4.6
Osorno,CL,1603749877,81,90,-40.57,-73.15,11.0,11.0,6.7
Balagansk,RU,1603749877,89,93,54.01,103.05,-2.75,-2.75,2.73
Barrow,US,1603749673,85,75,71.29,-156.79,-7.0,-7.0,2.6
Touros,BR,1603749878,78,40,-5.2,-35.46,27.0,27.0,5.1
Upernavik,GL,1603749878,81,99,72.79,-56.15,-7.94,-7.94,2.43
Kiryat Gat,IL,1603749844,100,0,31.61,34.76,20.98,22.78,1.34
Ambovombe,MG,1603749878,86,0,-25.17,46.08,20.7,20.7,1.18
Marathon,US,1603749879,50,81,44.9,-89.77,-0.83,-0.56,3.6
Djibo,BF,1603749879,13,29,14.1,-1.63,29.09,29.09,3.11
Nanortalik,GL,1603749879,91,92,60.14,-45.24,0.93,0.93,4.87
Batagay,RU,1603749879,88,100,67.63,134.63,-13.91,-13.91,0.56
Margate,GB,1603749880,66,53,51.38,1.39,9.6,10.56,2.68
Dingle,PH,1603749880,91,100,11.0,122.67,24.22,24.22,2.43
Baoqing,CN,1603749880,76,100,46.33,132.21,3.69,3.69,2.34
Najrān,SA,1603749880,27,0,17.49,44.13,17.0,17.0,1.03
Kununurra,AU,1603749880,100,75,-15.77,128.73,23.0,23.0,3.1
‘Āhuimanu,US,1603749881,70,40,21.44,-157.84,28.54,29.0,3.6
Khatanga,RU,1603749881,94,84,71.97,102.5,-16.52,-16.52,4.23
Kenitra,MA,1603749881,87,75,34.26,-6.58,14.0,14.0,2.94
Butaritari,KI,1603749881,66,96,3.07,172.79,27.59,27.59,4.04
Emilio Carranza,MX,1603749881,67,22,19.97,-96.61,27.96,27.96,3.48
Pingliang,CN,1603749881,49,100,35.54,106.69,8.78,8.78,1.81
Pevek,RU,1603749882,92,98,69.7,170.31,-4.62,-4.62,6.83
Alta Floresta,BR,1603749882,86,97,-9.88,-56.09,24.27,24.27,0.84
Şile,TR,1603749882,78,0,41.18,29.61,16.11,16.11,0.89
Quatre Cocos,MU,1603749882,78,75,-20.21,57.76,22.12,22.22,4.1
Camacha,PT,1603749883,68,40,33.08,-16.33,19.0,19.0,3.6
Hato,CO,1603749883,88,40,6.54,-73.31,23.0,23.0,3.6
Geraldton,AU,1603749883,87,75,-28.77,114.6,14.0,14.0,2.1
Antigonish,CA,1603749883,73,98,45.62,-62.0,6.67,6.67,0.89
Bilma,NE,1603749883,24,0,18.69,12.92,20.68,20.68,0.43
Murgab,TM,1603749884,46,100,37.5,61.97,12.0,12.0,1.2
Pisco,PE,1603749884,60,0,-13.7,-76.22,20.87,22.0,7.7
Bonavista,CA,1603749858,62,97,48.65,-53.11,2.22,2.22,2.24
Itarema,BR,1603749884,82,0,-2.92,-39.92,26.0,26.0,6.08
Norsup,VU,1603749884,88,75,-16.07,167.38,25.0,25.0,3.1
Lagos,NG,1603749420,92,100,6.58,3.75,25.34,25.34,1.78
Olafsvik,IS,1603749885,73,100,64.89,-23.71,4.98,4.98,6.45
Norman Wells,CA,1603749885,92,90,65.28,-126.83,-4.0,-4.0,7.7
Poum,NC,1603749885,74,0,-20.23,164.02,24.89,24.89,5.23
Wajir,KE,1603749886,59,90,1.75,40.06,27.57,27.57,8.15
Havøysund,NO,1603749886,64,0,71.0,24.66,4.0,4.0,7.7
Srednekolymsk,RU,1603749886,90,0,67.45,153.68,-14.38,-14.38,2.71
Airai,TL,1603749886,94,71,-8.93,125.41,17.01,17.01,0.94
Marzuq,YE,1603749886,30,4,14.4,46.47,16.98,16.98,0.83
Alofi,NU,1603749887,78,75,-19.06,-169.92,25.0,25.0,6.7
Moose Factory,CA,1603749887,54,90,51.26,-80.61,-1.0,-1.0,4.1
Chui,UY,1603749887,90,100,-33.7,-53.46,14.43,14.43,5.6
Contamana,PE,1603749887,43,100,-7.33,-75.02,34.49,34.49,2.24
Shiojiri,JP,1603749887,88,75,36.1,137.97,5.64,6.67,0.41
Udachny,RU,1603749888,91,90,66.42,112.4,-21.0,-21.0,1.0
Half Moon Bay,US,1603749888,7,1,37.46,-122.43,21.82,23.0,4.6
Lucapa,AO,1603749888,96,100,-8.42,20.74,20.09,20.09,1.88
Salalah,OM,1603749888,61,0,17.02,54.09,25.0,25.0,2.6
Mach,PK,1603749888,24,0,29.86,67.33,15.63,15.63,2.82
Komatipoort,ZA,1603749889,83,97,-25.43,31.95,22.78,22.78,4.93
Mahébourg,MU,1603749889,78,75,-20.41,57.7,22.0,22.0,4.1
Talara,PE,1603749889,82,68,-4.58,-81.27,19.5,19.5,5.39
Rock Sound,BS,1603749889,78,84,24.9,-76.2,27.98,27.98,3.35
Ponta do Sol,PT,1603749889,72,40,32.67,-17.1,17.12,19.0,6.2
Yar-Sale,RU,1603749889,95,63,66.83,70.83,-13.7,-13.7,3.01
Waingapu,ID,1603749890,75,61,-9.66,120.26,26.16,26.16,2.15
Saldanha,ZA,1603749890,87,12,-33.01,17.94,15.0,15.0,2.1
Mazagão,BR,1603749697,66,75,-0.12,-51.29,31.0,31.0,5.1
Roebourne,AU,1603749890,67,22,-20.78,117.13,20.06,20.06,1.85
Viedma,AR,1603749625,17,12,-40.81,-63.0,23.89,23.89,1.34
Saint-Joseph,RE,1603749891,78,29,-21.37,55.62,22.0,22.0,2.1
Saint George,US,1603749891,11,1,37.1,-113.58,9.81,10.56,13.4
Adrar,MR,1603749891,13,7,20.5,-10.07,30.85,30.85,2.29
Makkah al Mukarramah,SA,1603749891,57,0,21.43,39.83,24.59,24.59,0.55
Lukang,TW,1603749891,88,40,24.06,120.44,21.87,22.22,1.5
‘Ewa Beach,US,1603749892,66,1,21.32,-158.01,27.96,29.0,3.6
Melfi,IT,1603749892,77,5,41.0,15.65,15.0,15.0,2.1
Severo-Kuril'sk,RU,1603749892,85,95,50.68,156.12,6.27,6.27,1.33
Kabalo,CD,1603749892,91,30,-6.05,26.92,21.26,21.26,0.82
Antofagasta,CL,1603749609,72,75,-23.65,-70.4,16.0,16.0,7.2
Pincher Creek,CA,1603749604,54,1,49.48,-113.95,-0.35,0.56,13.4
Venosa,IT,1603749893,77,5,40.96,15.81,15.0,15.0,2.1
Barra de Tecoanapa,MX,1603749893,75,100,16.52,-98.75,29.69,29.69,3.92
Kirovsk,UA,1603749893,60,100,48.64,38.64,9.62,9.62,4.57
Guia Lopes da Laguna,BR,1603749893,93,81,-21.46,-56.11,23.05,23.05,0.5
Avarua,CK,1603749687,69,100,-21.21,-159.78,24.0,24.0,6.7
Tlaquepaque,MX,1603749894,20,40,20.65,-103.32,29.26,31.11,4.1
Ahipara,NZ,1603749894,72,22,-35.17,173.17,20.34,20.34,2.3
Urengoy,RU,1603749894,92,0,65.97,78.37,-16.78,-16.78,4.03
Muriti,TZ,1603749894,82,75,-1.98,32.92,20.0,20.0,2.6
Pozo Colorado,PY,1603749895,65,38,-23.49,-58.8,24.81,24.81,1.97
São Gabriel da Cachoeira,BR,1603749895,77,85,-0.13,-67.09,28.29,28.29,0.41
Barra Patuca,HN,1603749895,71,100,15.8,-84.28,26.94,26.94,2.97
Los Llanos de Aridane,ES,1603749895,64,0,28.66,-17.92,18.36,21.0,5.1
Ola,RU,1603749896,85,91,59.58,151.28,0.47,0.47,5.85
Lagoa,PT,1603749896,91,100,39.05,-27.98,20.07,20.07,10.62
Mossamedes,AO,1603749896,78,75,-15.2,12.15,20.85,20.85,0.72
Sīrjān,IR,1603749896,39,0,29.45,55.68,10.44,10.44,2.85
Westport,US,1603749651,100,90,41.14,-73.36,12.83,13.33,6.7
Sayaxché,GT,1603749896,64,100,16.52,-90.17,28.85,28.85,1.58
Nieves,PH,1603749897,94,75,15.33,120.95,24.0,24.0,2.1
Morondava,MG,1603749897,72,55,-20.28,44.28,24.76,24.76,3.63
Comodoro Rivadavia,AR,1603749897,34,40,-45.87,-67.5,20.0,20.0,7.2
Pervomayskiy,RU,1603749897,86,100,53.25,40.29,7.15,7.15,3.53
Riyadh,SA,1603749897,37,0,24.69,46.72,19.0,19.0,1.63
Linfen,CN,1603749898,31,100,36.09,111.52,16.35,16.35,1.49
Itaberá,BR,1603749898,60,100,-23.86,-49.14,23.04,23.04,0.65
Tual,ID,1603749898,74,100,-5.67,132.75,27.82,27.82,3.43
Khovd,MN,1603749898,80,0,48.01,91.64,-2.36,-2.36,0.43
Mount Gambier,AU,1603749898,87,95,-37.83,140.77,9.0,9.0,4.1
Tsabong,BW,1603749899,37,94,-26.02,22.4,26.07,26.07,4.85
Eyl,SO,1603749899,77,93,7.98,49.82,25.67,25.67,3.2
Kiama,AU,1603749899,94,99,-34.68,150.87,13.02,13.33,0.89
Almaznyy,RU,1603749899,61,0,48.04,40.05,10.0,10.0,9.0
Hasaki,JP,1603749769,93,75,35.73,140.83,10.27,11.0,3.6
Marawi,PH,1603749900,89,100,8.0,124.29,23.33,23.33,2.24
Nevel'sk,RU,1603749900,92,87,46.67,141.86,-1.0,-1.0,1.0
Plettenberg Bay,ZA,1603749900,84,14,-34.05,23.37,17.38,17.38,2.55
Zhezkazgan,KZ,1603749900,70,7,47.8,67.71,3.61,3.61,5.36
Camargo,MX,1603749901,15,0,27.67,-105.17,30.78,30.78,8.83
Balkanabat,TM,1603749901,33,100,39.51,54.37,15.75,15.75,0.76
Northam,GB,1603749901,86,22,51.03,-4.22,10.0,10.0,3.58
Saint-Augustin,CA,1603749901,74,96,51.23,-58.65,1.25,1.25,4.21
Ocala,US,1603749745,70,75,29.19,-82.14,28.72,29.44,5.1
Ambunti,PG,1603749902,92,27,-4.24,142.84,24.27,24.27,0.32
Cairns,AU,1603749646,61,96,-16.92,145.77,25.77,26.0,1.5
Palmer,US,1603749902,93,90,42.16,-72.33,9.87,10.56,2.6
Bras-Panon,RE,1603749903,83,73,-21.0,55.68,20.14,22.0,1.5
Predivinsk,RU,1603749903,94,100,57.07,93.44,2.32,2.32,1.81
Igarka,RU,1603749903,89,0,67.47,86.58,-19.57,-19.57,2.84
Mikhaylovsk,RU,1603749904,81,0,45.13,42.03,8.95,9.0,5.0
Flin Flon,CA,1603749904,53,5,54.77,-101.86,-3.0,-3.0,4.6
Bontang,ID,1603749904,88,85,0.13,117.5,24.38,24.38,3.55
Kattivākkam,IN,1603749904,94,40,13.22,80.32,26.0,26.0,3.24
Kiunga,PG,1603749904,93,99,-6.12,141.29,24.7,24.7,0.34
Uglegorsk,RU,1603749905,79,39,49.08,142.03,5.72,5.72,3.8
Rosarito,MX,1603749905,10,5,32.33,-117.03,22.0,22.0,5.7
San-Pédro,CI,1603749905,90,83,4.75,-6.64,25.09,25.09,3.02
Mitsamiouli,KM,1603749906,76,6,-11.38,43.28,25.47,25.47,3.69
Kutum,SD,1603749906,22,36,14.2,24.67,22.13,22.13,4.48
Leamington,CA,1603749906,70,90,42.05,-82.61,8.01,8.33,2.6
Sorong,ID,1603749907,82,100,-0.88,131.25,25.23,25.23,3.01
Nemuro,JP,1603749907,77,35,43.32,145.57,9.79,9.79,3.9
Nzérékoré,GN,1603749907,74,100,7.76,-8.82,22.71,22.71,0.98
Beringovskiy,RU,1603749907,89,0,63.05,179.32,0.2,0.2,1.2
Dilla,ET,1603749907,78,32,6.41,38.31,15.91,15.91,1.97
Mar del Plata,AR,1603749908,58,0,-38.0,-57.56,14.02,15.0,4.1
Copiapó,CL,1603749722,67,75,-27.37,-70.33,16.0,16.0,5.1
Hualmay,PE,1603749908,74,98,-11.1,-77.61,19.64,19.64,3.99
Luena,AO,1603749908,84,100,-11.78,19.92,19.02,19.02,2.25
Key West,US,1603749751,88,90,24.56,-81.78,27.52,28.0,5.7
Tuatapere,NZ,1603749908,75,91,-46.13,167.68,11.11,11.11,1.34
Wamba,NG,1603749909,60,25,8.93,8.6,23.75,23.75,1.12
Troy,US,1603749837,65,75,42.61,-83.15,7.12,8.0,3.1
Belmonte,BR,1603749909,83,75,-15.86,-38.88,26.0,26.0,4.1
Aswān,EG,1603749909,31,0,24.09,32.91,25.85,25.85,5.82
Zyryanka,RU,1603749910,92,0,65.75,150.85,-15.82,-15.82,0.5
Kavaratti,IN,1603749910,72,81,10.57,72.64,27.83,27.83,2.99
Dogondoutchi,NE,1603749910,15,13,13.64,4.03,29.96,29.96,2.08
Lavrentiya,RU,1603749910,91,10,65.58,-171.0,-0.33,-0.33,2.55
Zigong,CN,1603749910,71,100,29.34,104.78,16.91,16.91,1.77
Tura,IN,1603749911,91,0,25.52,90.22,20.49,20.49,1.32
Tarauacá,BR,1603749911,53,100,-8.16,-70.77,31.78,31.78,1.89
Cayenne,GF,1603749911,78,40,4.93,-52.33,28.0,28.0,1.5
Kakonko,TZ,1603749911,88,100,-3.28,30.96,18.83,18.83,1.11
Changji,CN,1603749615,59,0,44.02,87.32,3.0,3.0,4.0
Tikhvin,RU,1603749912,90,100,59.65,33.53,7.96,7.96,3.82
Bathsheba,BB,1603749912,88,75,13.22,-59.52,26.0,26.0,9.8
Berlevåg,NO,1603749912,86,0,70.86,29.09,1.0,1.0,5.1
Beloha,MG,1603749912,91,0,-25.17,45.05,18.74,18.74,1.62
Guerrero Negro,MX,1603749912,37,2,27.98,-114.06,23.85,23.85,8.01
Wanning,CN,1603749913,86,92,18.8,110.4,22.2,22.2,4.67
Mahibadhoo,MV,1603749722,74,32,3.78,72.97,27.89,27.89,3.1
Goderich,CA,1603749849,84,100,43.75,-81.72,7.07,7.78,5.57
Coquimbo,CL,1603749709,77,0,-29.95,-71.34,15.0,15.0,6.2
College,US,1603749913,86,90,64.86,-147.8,-1.65,-1.0,4.1
Mandiana,GN,1603749913,49,12,10.63,-8.68,24.58,24.58,1.15
Tigil',RU,1603749914,78,96,57.8,158.67,3.17,3.17,1.43
Jalu,LY,1603749914,54,2,29.03,21.55,20.4,20.4,2.1
Davidson,US,1603749914,77,90,36.15,-86.78,14.23,15.0,2.6
Pelym,RU,1603749914,95,98,61.01,62.0,-3.71,-3.71,5.79
Nicoya,CR,1603749915,100,75,10.15,-85.45,24.0,24.0,1.0
Balakovo,RU,1603749915,84,0,52.03,47.8,1.81,1.81,2.45
Pangody,RU,1603749915,94,2,65.85,74.49,-15.7,-15.7,4.19
Anadyr,RU,1603749666,92,75,64.75,177.48,-8.0,-8.0,2.0
Verkhoyansk,RU,1603749916,90,100,67.54,133.38,-13.84,-13.84,0.85
Thinadhoo,MV,1603749916,69,39,0.53,72.93,28.04,28.04,3.4
Charlottesville,US,1603749752,72,1,38.03,-78.48,16.55,19.0,2.1
Turukhansk,RU,1603749916,89,0,65.82,87.98,-18.37,-18.37,2.99
Salinópolis,BR,1603749917,77,48,-0.61,-47.36,27.48,27.48,5.19
Provideniya,RU,1603749917,92,90,64.38,-173.3,0.0,0.0,0.95
San Patricio,US,1603749917,62,40,28.02,-97.52,29.06,30.0,9.3
Erenhot,CN,1603749917,77,0,43.65,111.98,-1.02,-1.02,3.37
Rundu,NA,1603749917,20,0,-17.93,19.77,23.55,23.55,3.1
Mount Isa,AU,1603749918,19,40,-20.73,139.5,22.0,22.0,4.6
Jiangyou,CN,1603749918,59,100,31.77,104.72,16.46,16.46,0.64
Chapais,CA,1603749918,92,90,49.78,-74.85,-1.0,-1.0,3.1
Fes,MA,1603749673,82,75,34.04,-5.0,14.0,14.0,2.6
Kieta,PG,1603749978,67,63,-6.22,155.63,28.61,28.61,1.09
Tessalit,ML,1603749727,16,0,20.2,1.01,26.5,26.5,4.42
Rocha,UY,1603749989,66,100,-34.48,-54.33,13.32,13.32,6.88
Amahai,ID,1603749989,91,100,-3.33,128.92,28.89,28.89,1.49
Fort Nelson,CA,1603749989,86,90,58.81,-122.7,0.0,0.0,4.1
Balikpapan,ID,1603749788,94,20,-1.27,116.83,25.0,25.0,1.5
Leh,IN,1603749928,68,0,34.17,77.58,-2.5,-2.5,1.92
Newala,TZ,1603749990,97,25,-10.94,39.28,19.64,19.64,4.17
Natal,BR,1603749990,78,40,-5.79,-35.21,27.0,27.0,3.6
Whitehorse,CA,1603749990,39,20,60.72,-135.05,9.74,10.0,12.3
Port Lincoln,AU,1603749990,83,9,-34.73,135.87,13.98,13.98,4.62
Amuntai,ID,1603749991,96,98,-2.42,115.25,23.4,23.4,1.15
Toktogul,KG,1603749991,45,0,41.87,72.94,9.3,9.3,0.27
Saint Anthony,US,1603749991,50,40,45.02,-93.22,-1.4,0.0,3.1
Atbasar,KZ,1603749991,82,100,51.8,68.33,2.47,2.47,9.31
Philadelphia,US,1603749870,93,90,39.95,-75.16,16.51,17.78,2.6
Xining,CN,1603749992,92,100,36.62,101.77,0.61,0.61,1.02
Haines Junction,CA,1603749992,66,27,60.75,-137.51,5.63,5.63,6.74
Clyde River,CA,1603749992,86,9,70.47,-68.59,-11.75,-11.75,2.1
Bac Lieu,VN,1603749993,90,83,9.29,105.72,23.98,23.98,3.36
Griffith,US,1603749915,86,90,41.53,-87.42,3.63,4.0,3.1
Maceió,BR,1603749984,83,0,-9.67,-35.74,25.0,25.0,6.2
Bowen,AU,1603749993,94,90,-20.02,148.23,22.0,22.0,1.5
Winnemucca,US,1603749994,13,1,40.97,-117.74,6.0,6.0,2.6
Muros,ES,1603749994,89,100,42.78,-9.06,11.55,12.78,3.13
Kashary,RU,1603749994,62,100,49.04,41.01,7.87,7.87,3.91
Ust-Maya,RU,1603749994,92,93,60.42,134.53,-12.12,-12.12,1.09
Codrington,AU,1603749994,75,55,-38.27,141.97,12.19,12.19,6.88
Grand Gaube,MU,1603749994,76,0,-20.01,57.66,22.22,22.22,2.24
Ouadda,CF,1603749995,68,0,8.08,22.4,20.25,20.25,0.95
Leningradskiy,RU,1603749995,98,100,69.38,178.42,-2.79,-2.79,5.04
Panzhihua,CN,1603749995,78,25,26.59,101.71,18.01,18.01,0.17
Botou,CN,1603749995,35,87,38.07,116.57,11.26,11.26,5.12
San Luis Potosí,MX,1603749839,10,40,22.5,-100.5,28.0,28.0,2.6
Lata,PT,1603749996,87,97,40.16,-8.33,10.28,11.11,0.92
Auki,SB,1603749996,69,68,-8.77,160.7,29.27,29.27,0.16
Guadalupe y Calvo,MX,1603749996,45,0,26.1,-106.97,17.48,17.48,5.28
Gizo Government Station,SB,1603749996,71,93,-8.1,156.84,28.53,28.53,0.82
Næstved,DK,1603749997,93,100,55.23,11.76,10.28,10.56,3.6
Yellandu,IN,1603749970,80,0,17.6,80.33,20.95,20.95,1.47
Telde,ES,1603749997,73,40,27.99,-15.42,21.05,21.11,6.2
Lima,PE,1603749135,72,40,-12.04,-77.03,19.49,20.0,6.2
Khorixas,NA,1603749997,36,48,-20.37,14.97,23.58,23.58,2.5
Peniche,PT,1603749997,85,100,39.36,-9.38,11.66,12.78,2.51
Tarakan,ID,1603749998,83,99,3.3,117.63,25.84,25.84,5.17
Chiredzi,ZW,1603749998,44,0,-21.05,31.67,23.81,23.81,2.82
Necochea,AR,1603749998,63,0,-38.55,-58.74,17.78,17.78,1.79
Talas,TR,1603749732,35,0,38.69,35.55,9.0,9.0,1.2
Pontianak,ID,1603749945,89,100,-0.03,109.33,24.09,24.09,1.74
Nizhniy Baskunchak,RU,1603749999,60,61,48.22,46.83,6.76,6.76,1.17
Ōkuchi-shinohara,JP,1603749999,100,0,32.07,130.62,10.0,10.0,2.1
Egvekinot,RU,1603749999,96,100,66.32,-179.17,-5.11,-5.11,1.59
Fare,PF,1603749999,76,68,-16.7,-151.02,27.21,27.21,6.53
Çorum Province,TR,1603749999,35,0,40.5,34.75,15.65,15.65,2.33
Durango,MX,1603749813,25,0,24.83,-104.83,25.88,25.88,5.04
Port Hardy,CA,1603750000,100,90,50.7,-127.42,7.0,7.0,3.6
Abu Samrah,SY,1603750000,23,0,35.3,37.18,20.83,20.83,4.9
Sikeston,US,1603750000,87,75,36.88,-89.59,9.17,10.0,4.1
Kahului,US,1603750001,55,40,20.89,-156.47,27.87,30.0,3.1
Arman',RU,1603750001,87,84,59.7,150.17,0.19,0.19,5.57
Belaya Gora,RU,1603750001,88,11,68.53,146.42,-16.07,-16.07,2.27
Ust-Tsilma,RU,1603750001,96,100,65.44,52.15,-6.67,-6.67,2.44
Merauke,ID,1603750002,82,94,-8.47,140.33,26.45,26.45,4.96
Cabra,ES,1603750002,87,0,37.47,-4.44,8.37,9.0,0.5
Nikolskoye,RU,1603750002,87,90,59.7,30.79,8.55,9.0,2.0
Korla,CN,1603750002,84,71,41.76,86.15,5.0,5.0,0.89
Samaná,DO,1603750003,79,75,19.21,-69.34,31.0,31.0,2.1
Yulara,AU,1603750003,33,0,-25.24,130.99,15.0,15.0,3.6
Dakoro,NE,1603750003,15,0,14.51,6.76,27.62,27.62,3.4
Gweru,ZW,1603750004,46,0,-19.45,29.82,18.79,18.79,4.63
Upata,VE,1603750004,87,93,8.01,-62.4,26.11,26.11,2.24
General Roca,AR,1603750004,25,0,-39.03,-67.58,24.0,24.0,2.1
Evinayong,GQ,1603750004,99,100,1.44,10.55,20.93,20.93,0.76
Raudeberg,NO,1603750005,90,92,61.99,5.14,7.22,7.22,3.56
Vila Velha,BR,1603750005,73,0,-20.33,-40.29,23.64,24.0,6.7
Shache,CN,1603750005,63,94,38.42,77.24,4.01,4.01,1.1
Soria,ES,1603750005,86,15,41.67,-2.67,5.0,5.0,0.45
Kamenka,RU,1603750006,82,38,51.32,42.77,5.64,5.64,3.08
Tilichiki,RU,1603750006,96,100,60.47,166.1,-0.97,-0.97,3.14
Zinder,NE,1603750006,15,0,13.81,8.99,27.69,27.69,4.46
Mouzourás,GR,1603750006,88,20,35.53,24.15,17.0,17.0,3.51
Måløy,NO,1603749958,71,75,61.94,5.11,8.35,10.0,5.7
Itoman,JP,1603750007,68,20,26.12,127.67,20.53,22.0,3.6
Neiafu,TO,1603750007,78,75,-18.65,-173.98,26.0,26.0,4.6
Illela,NG,1603750007,20,24,13.73,5.3,26.88,26.88,1.53
Birjand,IR,1603750007,18,0,32.87,59.22,6.0,6.0,3.1
Crotone,IT,1603750007,68,0,39.09,17.12,17.83,17.83,4.91
Vestmannaeyjar,IS,1603750007,75,100,63.44,-20.27,6.33,6.33,12.72
Slave Lake,CA,1603749600,55,90,55.28,-114.77,2.0,2.0,1.68
Mercedes,AR,1603749964,53,0,-34.65,-59.43,18.89,18.89,0.89
Gweta,BW,1603750008,17,0,-20.18,25.23,26.78,26.78,5.8
Khandyga,RU,1603750008,87,99,62.67,135.6,-9.7,-9.7,1.05
San Jose,US,1603749911,6,20,37.34,-121.89,22.31,23.33,3.6
Cockburn Town,TC,1603749761,80,92,21.46,-71.14,28.26,28.26,8.25
Bethanien,NA,1603750009,26,0,-26.5,17.16,20.26,20.26,0.68
Dicabisagan,PH,1603750009,85,100,17.08,122.42,25.79,25.79,0.76
Nelson Bay,AU,1603750009,100,90,-32.72,152.15,16.5,16.67,5.7
Malakal,SS,1603750009,82,21,9.53,31.66,23.54,23.54,0.92
Luanda,AO,1603749868,83,75,-8.84,13.23,25.0,25.0,3.1
Hofn,IS,1603750009,77,3,64.25,-15.21,2.64,2.64,5.06
Hailar,CN,1603750010,92,3,49.2,119.7,-3.76,-3.76,7.94
Normandin,CA,1603750010,97,90,48.83,-72.53,0.0,0.0,2.1
San Cristobal,VE,1603749856,58,40,7.77,-72.22,31.0,31.0,5.1
Monywa,MM,1603750010,85,95,22.12,95.13,24.91,24.91,1.86
Belyy Yar,RU,1603750010,93,0,53.6,91.39,4.0,4.0,3.0
Nizwá,OM,1603750011,56,0,22.93,57.53,17.09,17.09,0.73
Gravdal,NO,1603750011,93,75,68.12,13.5,7.0,7.0,8.7
Huaibei,CN,1603750011,62,97,33.97,116.79,15.5,15.5,1.57
Grajaú,BR,1603750011,70,88,-5.82,-46.14,27.87,27.87,0.54
Killybegs,IE,1603750011,90,90,54.63,-8.45,7.22,7.22,2.24
Vaasa,FI,1603750012,100,90,63.1,21.62,7.65,8.0,3.1
Ugoofaaru,MV,1603750012,77,45,5.67,73.0,27.69,27.69,4.19
Qui Nhon,VN,1603750013,87,100,13.77,109.23,24.74,24.74,5.32
Katherine,AU,1603750013,78,75,-14.47,132.27,23.0,23.0,2.1
Turan,VN,1603750013,88,75,16.07,108.22,25.0,25.0,3.6
Harrisburg,US,1603749976,87,90,40.27,-76.88,11.28,12.0,1.16
Ixtapa,MX,1603750014,70,20,20.7,-105.2,31.55,32.0,4.6
Madimba,TZ,1603750015,83,40,-10.4,40.33,25.0,25.0,4.1
Asău,RO,1603750015,98,3,46.43,26.4,9.44,9.44,1.62
Husavik,IS,1603750015,74,90,66.04,-17.34,2.0,2.0,2.05
Aksarka,RU,1603750015,95,64,66.56,67.8,-15.6,-15.6,3.32
Marystown,CA,1603749949,100,39,47.17,-55.15,5.56,5.56,3.09
Adré,TD,1603750016,22,11,13.47,22.2,24.44,24.44,4.76
Ambulu,ID,1603750016,88,68,-8.35,113.61,24.51,24.51,0.77
Āsosa,ET,1603749775,86,0,10.07,34.53,17.12,17.12,1.99
Eureka,US,1603749819,20,1,40.8,-124.16,21.45,23.33,5.7
Mbandaka,CD,1603750016,90,25,0.05,18.26,21.62,21.62,1.15
Taloqan,AF,1603750016,58,0,36.74,69.53,7.26,7.26,0.4
Masallātah,LY,1603750017,80,0,32.62,14.0,19.73,19.73,5.71
Lebanon,US,1603749868,82,90,36.21,-86.29,15.0,15.0,2.57
Piedade,BR,1603750017,87,77,-23.71,-47.43,19.69,19.69,2.18
Fengzhen,CN,1603750017,76,33,40.44,113.15,-0.79,-0.79,2.41
Horasan,TR,1603750018,46,0,40.05,42.17,7.61,7.61,0.33
Cocobeach,GA,1603750018,83,20,1.0,9.58,27.0,27.0,2.1
Mikhaylovka,RU,1603750018,79,93,50.06,43.24,6.27,6.27,2.31
Mahdasht,IR,1603750018,43,20,35.73,50.81,13.0,13.0,3.1
Mananjary,MG,1603750018,84,2,-21.22,48.33,20.6,20.6,1.45
Sakakah,SA,1603750018,10,0,29.97,40.21,23.0,23.0,2.6
Vinstra,NO,1603750019,79,100,61.6,9.75,4.65,4.65,1.45
Darhan,MN,1603750019,76,0,49.49,105.92,-2.4,-2.4,1.91
Amapá,BR,1603750019,46,75,1.0,-52.0,30.53,30.53,2.77
Sirte,LY,1603750019,75,0,31.21,16.59,22.13,22.13,6.97
Cap Malheureux,MU,1603750019,76,0,-19.98,57.61,22.22,22.22,2.24
Nova Londrina,BR,1603750019,90,85,-22.77,-52.98,21.11,21.11,1.9
Kungurtug,RU,1603750020,83,5,50.6,97.52,-6.14,-6.14,0.88
Tías,ES,1603750020,73,40,28.96,-13.64,22.0,22.0,6.2
Sørland,NO,1603750020,93,75,67.67,12.69,7.0,7.0,8.7
Minador do Negrão,BR,1603750020,63,60,-9.31,-36.86,26.85,26.85,9.24
Karratha,AU,1603750021,63,26,-20.74,116.85,19.7,19.7,3.07
Ust'-Ishim,RU,1603750021,93,100,57.69,71.17,4.87,4.87,5.68
Noumea,NC,1603749837,47,0,-22.28,166.46,26.79,27.0,2.1
Flinders,AU,1603750021,94,98,-34.58,150.86,12.78,12.78,0.89
La Libertad,EC,1603750021,78,75,-2.23,-80.9,23.0,23.0,5.1
Suruç,TR,1603750021,22,0,36.98,38.42,21.0,21.0,1.5
Rodeo,US,1603749725,6,1,38.03,-122.27,23.09,24.44,4.6
North Bend,US,1603750022,47,1,43.41,-124.22,14.43,16.11,7.2
Rostock,DE,1603749832,93,75,54.09,12.14,9.0,9.0,2.1
Baiyin,CN,1603750022,86,90,36.56,104.21,3.15,3.33,2.0
Tazovsky,RU,1603750022,93,4,67.47,78.7,-18.05,-18.05,3.16
Nouadhibou,MR,1603750022,64,0,20.93,-17.03,24.0,24.0,7.7
Yoichi,JP,1603750023,100,75,43.2,140.77,5.67,6.0,1.0
Kotapārh,IN,1603750023,76,0,19.15,82.35,17.82,17.82,1.24
Juba,SS,1603750023,83,100,4.85,31.58,23.4,23.4,1.02
Jasper,US,1603750023,86,90,37.2,-94.35,0.17,1.0,6.2
Ürümqi,CN,1603750023,59,0,43.8,87.6,3.0,3.0,4.0
Roseburg,US,1603749906,25,1,43.22,-123.34,13.93,15.56,1.62
Kamyshin,RU,1603750024,83,0,50.1,45.42,5.74,5.74,3.37
Laguna de Perlas,NI,1603750024,94,40,12.34,-83.67,27.0,27.0,4.1
Kang,BW,1603750024,25,87,-23.68,22.79,25.34,25.34,1.76
Canutama,BR,1603750024,63,32,-6.53,-64.38,29.62,29.62,1.21
Ocampo,MX,1603750024,17,38,21.65,-101.5,24.32,24.32,3.56
Yangi Marg`ilon,UZ,1603750025,50,0,40.43,71.72,10.0,10.0,4.1
Kaniama,CD,1603750025,94,100,-7.57,24.18,20.08,20.08,1.05
Hombourg-Haut,FR,1603750025,99,11,49.12,6.77,6.64,7.22,4.7
Tabou,CI,1603750025,89,73,4.42,-7.35,25.51,25.51,4.26
Xiongzhou,CN,1603750026,73,62,25.12,114.3,17.05,17.05,1.33
Muyezerskiy,RU,1603750026,94,99,63.93,31.65,6.38,6.38,4.93
Kloulklubed,PW,1603750026,94,75,7.04,134.26,24.0,24.0,2.49
Lafiagi,NG,1603750026,52,94,8.87,5.42,26.51,26.51,0.77
Brae,GB,1603749771,93,0,60.4,-1.35,9.0,9.0,0.5
Bama,NG,1603750027,26,0,11.52,13.69,24.88,24.88,2.07
Hilliard,US,1603750027,81,90,40.03,-83.16,8.91,9.44,3.1
Honiara,SB,1603750027,78,40,-9.43,159.95,28.0,28.0,1.5
Kalengwa,ZM,1603750027,32,23,-13.47,25.0,21.57,21.57,2.51
Kukmor,RU,1603750027,94,18,56.19,50.89,-2.16,-2.16,4.22
Ulladulla,AU,1603750027,87,75,-35.35,150.47,11.91,13.33,5.1
